<?xml version="1.0" encoding="UTF-8"?>
<configuration>

    <springProperty scope="system" name="LOG_HOME" source="app.log.dir"/>
    <springProperty scope="system" name="MAX_FILE_SIZE" source="app.log.max-file-size"/>
    <springProperty scope="system" name="MAX_HISTORY" source="app.log.max-history" defaultValue="30"/>

    <property name="DEFAULT_PATTERN" value="%d{yyyy-MM-dd HH:mm:ss.SSS} [%thread] %-5level %logger{40} - %msg%n"/>

    <appender name="CONSOLE" class="ch.qos.logback.core.ConsoleAppender">
        <encoder><pattern>${DEFAULT_PATTERN}</pattern></encoder>
    </appender>

    <appender name="INFO_FILE" class="ch.qos.logback.core.rolling.RollingFileAppender">
        <file>${LOG_HOME}/info/info.log</file>
        <encoder><pattern>${DEFAULT_PATTERN}</pattern></encoder>
        <rollingPolicy class="ch.qos.logback.core.rolling.TimeBasedRollingPolicy">
            <fileNamePattern>${LOG_HOME}/info/%d{yyyy-MM-dd}/info-%d{yyyy-MM-dd}-%i.log</fileNamePattern>
            <timeBasedFileNamingAndTriggeringPolicy class="ch.qos.logback.core.rolling.SizeAndTimeBasedFNATP">
                <maxFileSize>${MAX_FILE_SIZE}</maxFileSize>
            </timeBasedFileNamingAndTriggeringPolicy>
            <maxHistory>${MAX_HISTORY}</maxHistory>
        </rollingPolicy>
        <filter class="ch.qos.logback.classic.filter.LevelFilter">
            <level>INFO</level>
            <onMatch>ACCEPT</onMatch>
            <onMismatch>DENY</onMismatch>
        </filter>
    </appender>

    <appender name="ERROR_FILE" class="ch.qos.logback.core.rolling.RollingFileAppender">
        <file>${LOG_HOME}/error/error.log</file>
        <encoder><pattern>${DEFAULT_PATTERN}</pattern></encoder>
        <rollingPolicy class="ch.qos.logback.core.rolling.TimeBasedRollingPolicy">
            <fileNamePattern>${LOG_HOME}/error/%d{yyyy-MM-dd}/error-%d{yyyy-MM-dd}-%i.log</fileNamePattern>
            <timeBasedFileNamingAndTriggeringPolicy class="ch.qos.logback.core.rolling.SizeAndTimeBasedFNATP">
                <maxFileSize>${MAX_FILE_SIZE}</maxFileSize>
            </timeBasedFileNamingAndTriggeringPolicy>
            <maxHistory>${MAX_HISTORY}</maxHistory>
        </rollingPolicy>
        <filter class="ch.qos.logback.classic.filter.ThresholdFilter">
            <level>ERROR</level>
        </filter>
    </appender>

    <appender name="DEBUG_FILE" class="ch.qos.logback.core.rolling.RollingFileAppender">
        <file>${LOG_HOME}/debug/debug.log</file>
        <encoder><pattern>${DEFAULT_PATTERN}</pattern></encoder>
        <rollingPolicy class="ch.qos.logback.core.rolling.TimeBasedRollingPolicy">
            <fileNamePattern>${LOG_HOME}/debug/%d{yyyy-MM-dd}/debug-%d{yyyy-MM-dd}-%i.log</fileNamePattern>
            <timeBasedFileNamingAndTriggeringPolicy class="ch.qos.logback.core.rolling.SizeAndTimeBasedFNATP">
                <maxFileSize>${MAX_FILE_SIZE}</maxFileSize>
            </timeBasedFileNamingAndTriggeringPolicy>
            <maxHistory>${MAX_HISTORY}</maxHistory>
        </rollingPolicy>
        <filter class="ch.qos.logback.classic.filter.LevelFilter">
            <level>DEBUG</level>
            <onMatch>ACCEPT</onMatch>
            <onMismatch>DENY</onMismatch>
        </filter>
    </appender>

    <logger name="com.mergedata" level="DEBUG" additivity="false">
        <appender-ref ref="DEBUG_FILE"/>
        <appender-ref ref="CONSOLE"/>
        <appender-ref ref="INFO_FILE"/>
        <appender-ref ref="ERROR_FILE"/>
    </logger>

    <root level="INFO">
        <appender-ref ref="CONSOLE"/>
        <appender-ref ref="INFO_FILE"/>
        <appender-ref ref="ERROR_FILE"/>
    </root>
</configuration>